,Retailer,Total Sales,Total POS Sales
0,Walmart,1609991096.69,$1.61B
1,Kroger,788118610.8299999,$788.12M
2,Target,613944651.06,$613.94M
3,Costco,224420660.36,$224.42M
4,HEB,152587692.32,$152.59M
5,Walgreens,109248379.15,$109.25M
6,Albertsons,92235475.6417,$92.24M
7,ADUSA,73431390.33,$73.43M
8,CVS,52509956.260000005,$52.51M
9,Meijer,47894657.87,$47.89M
10,BJ's,21522313.0018,$21.52M
11,ShopRite,11294534.76,$11.29M
12,Rite Aid,5276664.0200000005,$5.28M
