,Brand,Total Sales,Total POS Sales
0,ENFAMIL,1992228439.7666998,$1.99B
1,ENFAMIL WIC,1015235554.6356,$1.02B
2,NUTRAMIGEN / ALLERGY,387917340.1192,$387.92M
3,ENFAGROW,148495579.58990002,$148.5M
4,NUTRAMIGEN,130051838.77,$130.05M
5,SPECIALTY,68822645.2177,$68.82M
6,SUPER HIGH PREMIUM,33435065.3396,$33.44M
7,VITAMINS,18032160.7149,$18.03M
8,PURAMINO,9677683.28,$9.68M
9,IFCN,200095.51,$200.1K
10,PURAMINO/AA,39226.37,$39.23K
11,UNKNOWN,36270.13,$36.27K
12,PREGESTIMIL,1045.8400000000001,$1.05K
